<?xml version="1.0" encoding="UTF-8"?>
<root>
  <item name="com.pspdfkit.configuration.rendering.AnnotationRenderConfiguration com.pspdfkit.configuration.rendering.AnnotationRenderConfiguration create(int, int, int, int) 0">
    <annotation name="android.support.annotation.ColorInt" />
  </item>
  <item name="com.pspdfkit.configuration.rendering.AnnotationRenderConfiguration com.pspdfkit.configuration.rendering.AnnotationRenderConfiguration create(int, int, int, int) 1">
    <annotation name="android.support.annotation.ColorInt" />
  </item>
  <item name="com.pspdfkit.configuration.rendering.AnnotationRenderConfiguration com.pspdfkit.configuration.rendering.AnnotationRenderConfiguration create(int, int, int, int) 2">
    <annotation name="android.support.annotation.ColorInt" />
  </item>
  <item name="com.pspdfkit.configuration.rendering.AnnotationRenderConfiguration com.pspdfkit.configuration.rendering.AnnotationRenderConfiguration create(int, int, int, int) 3">
    <annotation name="android.support.annotation.ColorInt" />
  </item>
  <item name="com.pspdfkit.configuration.rendering.AnnotationRenderConfiguration int getLinkAnnotationBackgroundColor()">
    <annotation name="android.support.annotation.ColorInt" />
  </item>
  <item name="com.pspdfkit.configuration.rendering.AnnotationRenderConfiguration int getLinkAnnotationBorderColor()">
    <annotation name="android.support.annotation.ColorInt" />
  </item>
  <item name="com.pspdfkit.configuration.rendering.AnnotationRenderConfiguration int getLinkAnnotationHighlightBackgroundColor()">
    <annotation name="android.support.annotation.ColorInt" />
  </item>
  <item name="com.pspdfkit.configuration.rendering.AnnotationRenderConfiguration int getLinkAnnotationHighlightBorderColor()">
    <annotation name="android.support.annotation.ColorInt" />
  </item>
  <item name="com.pspdfkit.configuration.rendering.AnnotationRenderConfiguration.Builder com.pspdfkit.configuration.rendering.AnnotationRenderConfiguration.Builder setLinkAnnotationBackgroundColor(int) 0">
    <annotation name="android.support.annotation.ColorInt" />
  </item>
  <item name="com.pspdfkit.configuration.rendering.AnnotationRenderConfiguration.Builder com.pspdfkit.configuration.rendering.AnnotationRenderConfiguration.Builder setLinkAnnotationBorderColor(int) 0">
    <annotation name="android.support.annotation.ColorInt" />
  </item>
  <item name="com.pspdfkit.configuration.rendering.AnnotationRenderConfiguration.Builder com.pspdfkit.configuration.rendering.AnnotationRenderConfiguration.Builder setLinkAnnotationHighlightBackgroundColor(int) 0">
    <annotation name="android.support.annotation.ColorInt" />
  </item>
  <item name="com.pspdfkit.configuration.rendering.AnnotationRenderConfiguration.Builder com.pspdfkit.configuration.rendering.AnnotationRenderConfiguration.Builder setLinkAnnotationHighlightBorderColor(int) 0">
    <annotation name="android.support.annotation.ColorInt" />
  </item>
  <item name="com.pspdfkit.configuration.rendering.AnnotationRenderConfiguration.Builder linkAnnotationBackgroundColor">
    <annotation name="android.support.annotation.ColorInt" />
  </item>
  <item name="com.pspdfkit.configuration.rendering.AnnotationRenderConfiguration.Builder linkAnnotationBorderColor">
    <annotation name="android.support.annotation.ColorInt" />
  </item>
  <item name="com.pspdfkit.configuration.rendering.AnnotationRenderConfiguration.Builder linkAnnotationHighlightBackgroundColor">
    <annotation name="android.support.annotation.ColorInt" />
  </item>
  <item name="com.pspdfkit.configuration.rendering.AnnotationRenderConfiguration.Builder linkAnnotationHighlightBorderColor">
    <annotation name="android.support.annotation.ColorInt" />
  </item>
</root>

