<?xml version="1.0" encoding="UTF-8"?>
<root>
  <item name="com.pspdfkit.configuration.activity.PSPDFKitActivityConfiguration com.pspdfkit.configuration.activity.PSPDFKitActivityConfiguration create(com.pspdfkit.configuration.PSPDFKitConfiguration, java.lang.String, android.os.Bundle, java.lang.String, int, boolean, boolean, boolean, boolean, boolean, int, boolean, int, com.pspdfkit.configuration.theming.ActionBarIconsThemeConfiguration, com.pspdfkit.configuration.theming.InlineSearchThemeConfiguration, com.pspdfkit.configuration.theming.ModularSearchThemeConfiguration, com.pspdfkit.configuration.theming.OutlineThemeConfiguration, com.pspdfkit.configuration.theming.ThumbnailBarThemeConfiguration, com.pspdfkit.configuration.theming.ThumbnailGridThemeConfiguration, com.pspdfkit.configuration.theming.DocumentThemeConfiguration) 4">
    <annotation name="android.support.annotation.LayoutRes" />
  </item>
  <item name="com.pspdfkit.configuration.activity.PSPDFKitActivityConfiguration int getLayout()">
    <annotation name="android.support.annotation.LayoutRes" />
  </item>
  <item name="com.pspdfkit.configuration.activity.PSPDFKitActivityConfiguration int getSearchType()">
    <annotation name="android.support.annotation.IntDef">
      <val name="value" val="{com.pspdfkit.configuration.activity.PSPDFKitActivityConfiguration.SEARCH_INLINE, com.pspdfkit.configuration.activity.PSPDFKitActivityConfiguration.SEARCH_MODULAR}" />
    </annotation>
  </item>
  <item name="com.pspdfkit.configuration.activity.PSPDFKitActivityConfiguration.Builder com.pspdfkit.configuration.activity.PSPDFKitActivityConfiguration.Builder layout(int) 0">
    <annotation name="android.support.annotation.LayoutRes" />
  </item>
  <item name="com.pspdfkit.configuration.activity.PSPDFKitActivityConfiguration.Builder com.pspdfkit.configuration.activity.PSPDFKitActivityConfiguration.Builder setSearchType(int) 0">
    <annotation name="android.support.annotation.IntDef">
      <val name="value" val="{com.pspdfkit.configuration.activity.PSPDFKitActivityConfiguration.SEARCH_INLINE, com.pspdfkit.configuration.activity.PSPDFKitActivityConfiguration.SEARCH_MODULAR}" />
    </annotation>
  </item>
  <item name="com.pspdfkit.configuration.activity.PSPDFKitActivityConfiguration.Builder layoutRes">
    <annotation name="android.support.annotation.LayoutRes" />
  </item>
  <item name="com.pspdfkit.configuration.activity.PSPDFKitActivityConfiguration.Builder searchType">
    <annotation name="android.support.annotation.IntDef">
      <val name="value" val="{com.pspdfkit.configuration.activity.PSPDFKitActivityConfiguration.SEARCH_INLINE, com.pspdfkit.configuration.activity.PSPDFKitActivityConfiguration.SEARCH_MODULAR}" />
    </annotation>
  </item>
</root>

