<?xml version="1.0" encoding="UTF-8"?>
<root>
  <item name="com.pspdfkit.configuration.theming.ActionBarIconsThemeConfiguration com.pspdfkit.configuration.theming.ActionBarIconsThemeConfiguration create(int, int, int, int, int, int, int, int) 0">
    <annotation name="android.support.annotation.ColorInt" />
  </item>
  <item name="com.pspdfkit.configuration.theming.ActionBarIconsThemeConfiguration com.pspdfkit.configuration.theming.ActionBarIconsThemeConfiguration create(int, int, int, int, int, int, int, int) 1">
    <annotation name="android.support.annotation.ColorInt" />
  </item>
  <item name="com.pspdfkit.configuration.theming.ActionBarIconsThemeConfiguration com.pspdfkit.configuration.theming.ActionBarIconsThemeConfiguration create(int, int, int, int, int, int, int, int) 2">
    <annotation name="android.support.annotation.DrawableRes" />
  </item>
  <item name="com.pspdfkit.configuration.theming.ActionBarIconsThemeConfiguration com.pspdfkit.configuration.theming.ActionBarIconsThemeConfiguration create(int, int, int, int, int, int, int, int) 3">
    <annotation name="android.support.annotation.DrawableRes" />
  </item>
  <item name="com.pspdfkit.configuration.theming.ActionBarIconsThemeConfiguration com.pspdfkit.configuration.theming.ActionBarIconsThemeConfiguration create(int, int, int, int, int, int, int, int) 4">
    <annotation name="android.support.annotation.DrawableRes" />
  </item>
  <item name="com.pspdfkit.configuration.theming.ActionBarIconsThemeConfiguration com.pspdfkit.configuration.theming.ActionBarIconsThemeConfiguration create(int, int, int, int, int, int, int, int) 5">
    <annotation name="android.support.annotation.DrawableRes" />
  </item>
  <item name="com.pspdfkit.configuration.theming.ActionBarIconsThemeConfiguration com.pspdfkit.configuration.theming.ActionBarIconsThemeConfiguration create(int, int, int, int, int, int, int, int) 6">
    <annotation name="android.support.annotation.DrawableRes" />
  </item>
  <item name="com.pspdfkit.configuration.theming.ActionBarIconsThemeConfiguration com.pspdfkit.configuration.theming.ActionBarIconsThemeConfiguration create(int, int, int, int, int, int, int, int) 7">
    <annotation name="android.support.annotation.DrawableRes" />
  </item>
  <item name="com.pspdfkit.configuration.theming.ActionBarIconsThemeConfiguration int getIconsColor()">
    <annotation name="android.support.annotation.ColorInt" />
  </item>
  <item name="com.pspdfkit.configuration.theming.ActionBarIconsThemeConfiguration int getIconsColorActivated()">
    <annotation name="android.support.annotation.ColorInt" />
  </item>
  <item name="com.pspdfkit.configuration.theming.ActionBarIconsThemeConfiguration int getOutlineIcon()">
    <annotation name="android.support.annotation.DrawableRes" />
  </item>
  <item name="com.pspdfkit.configuration.theming.ActionBarIconsThemeConfiguration int getOutlineIconActivated()">
    <annotation name="android.support.annotation.DrawableRes" />
  </item>
  <item name="com.pspdfkit.configuration.theming.ActionBarIconsThemeConfiguration int getSearchIcon()">
    <annotation name="android.support.annotation.DrawableRes" />
  </item>
  <item name="com.pspdfkit.configuration.theming.ActionBarIconsThemeConfiguration int getSearchIconActivated()">
    <annotation name="android.support.annotation.DrawableRes" />
  </item>
  <item name="com.pspdfkit.configuration.theming.ActionBarIconsThemeConfiguration int getThumbnailGridIcon()">
    <annotation name="android.support.annotation.DrawableRes" />
  </item>
  <item name="com.pspdfkit.configuration.theming.ActionBarIconsThemeConfiguration int getThumbnailGridIconActivated()">
    <annotation name="android.support.annotation.DrawableRes" />
  </item>
  <item name="com.pspdfkit.configuration.theming.ActionBarIconsThemeConfiguration.Builder com.pspdfkit.configuration.theming.ActionBarIconsThemeConfiguration.Builder setIconsColor(int) 0">
    <annotation name="android.support.annotation.ColorInt" />
  </item>
  <item name="com.pspdfkit.configuration.theming.ActionBarIconsThemeConfiguration.Builder com.pspdfkit.configuration.theming.ActionBarIconsThemeConfiguration.Builder setIconsColorActivated(int) 0">
    <annotation name="android.support.annotation.ColorInt" />
  </item>
  <item name="com.pspdfkit.configuration.theming.ActionBarIconsThemeConfiguration.Builder com.pspdfkit.configuration.theming.ActionBarIconsThemeConfiguration.Builder setOutlineIcon(int) 0">
    <annotation name="android.support.annotation.DrawableRes" />
  </item>
  <item name="com.pspdfkit.configuration.theming.ActionBarIconsThemeConfiguration.Builder com.pspdfkit.configuration.theming.ActionBarIconsThemeConfiguration.Builder setOutlineIconActivated(int) 0">
    <annotation name="android.support.annotation.DrawableRes" />
  </item>
  <item name="com.pspdfkit.configuration.theming.ActionBarIconsThemeConfiguration.Builder com.pspdfkit.configuration.theming.ActionBarIconsThemeConfiguration.Builder setSearchIcon(int) 0">
    <annotation name="android.support.annotation.DrawableRes" />
  </item>
  <item name="com.pspdfkit.configuration.theming.ActionBarIconsThemeConfiguration.Builder com.pspdfkit.configuration.theming.ActionBarIconsThemeConfiguration.Builder setSearchIconActivated(int) 0">
    <annotation name="android.support.annotation.DrawableRes" />
  </item>
  <item name="com.pspdfkit.configuration.theming.ActionBarIconsThemeConfiguration.Builder com.pspdfkit.configuration.theming.ActionBarIconsThemeConfiguration.Builder setThumbnailGridIcon(int) 0">
    <annotation name="android.support.annotation.DrawableRes" />
  </item>
  <item name="com.pspdfkit.configuration.theming.ActionBarIconsThemeConfiguration.Builder com.pspdfkit.configuration.theming.ActionBarIconsThemeConfiguration.Builder setThumbnailGridIconActivated(int) 0">
    <annotation name="android.support.annotation.DrawableRes" />
  </item>
  <item name="com.pspdfkit.configuration.theming.ActionBarIconsThemeConfiguration.Builder iconsColor">
    <annotation name="android.support.annotation.ColorInt" />
  </item>
  <item name="com.pspdfkit.configuration.theming.ActionBarIconsThemeConfiguration.Builder iconsColorActivated">
    <annotation name="android.support.annotation.ColorInt" />
  </item>
  <item name="com.pspdfkit.configuration.theming.ActionBarIconsThemeConfiguration.Builder outlineIcon">
    <annotation name="android.support.annotation.DrawableRes" />
  </item>
  <item name="com.pspdfkit.configuration.theming.ActionBarIconsThemeConfiguration.Builder outlineIconActivated">
    <annotation name="android.support.annotation.DrawableRes" />
  </item>
  <item name="com.pspdfkit.configuration.theming.ActionBarIconsThemeConfiguration.Builder searchIcon">
    <annotation name="android.support.annotation.DrawableRes" />
  </item>
  <item name="com.pspdfkit.configuration.theming.ActionBarIconsThemeConfiguration.Builder searchIconActivated">
    <annotation name="android.support.annotation.DrawableRes" />
  </item>
  <item name="com.pspdfkit.configuration.theming.ActionBarIconsThemeConfiguration.Builder thumbnailGridIcon">
    <annotation name="android.support.annotation.DrawableRes" />
  </item>
  <item name="com.pspdfkit.configuration.theming.ActionBarIconsThemeConfiguration.Builder thumbnailGridIconActivated">
    <annotation name="android.support.annotation.DrawableRes" />
  </item>
  <item name="com.pspdfkit.configuration.theming.DocumentThemeConfiguration com.pspdfkit.configuration.theming.DocumentThemeConfiguration create(int) 0">
    <annotation name="android.support.annotation.ColorInt" />
  </item>
  <item name="com.pspdfkit.configuration.theming.DocumentThemeConfiguration int getBackgroundColor()">
    <annotation name="android.support.annotation.ColorInt" />
  </item>
  <item name="com.pspdfkit.configuration.theming.DocumentThemeConfiguration.Builder backgroundColor">
    <annotation name="android.support.annotation.ColorInt" />
  </item>
  <item name="com.pspdfkit.configuration.theming.DocumentThemeConfiguration.Builder com.pspdfkit.configuration.theming.DocumentThemeConfiguration.Builder setBackgroundColor(int) 0">
    <annotation name="android.support.annotation.ColorInt" />
  </item>
  <item name="com.pspdfkit.configuration.theming.InlineSearchThemeConfiguration com.pspdfkit.configuration.theming.InlineSearchThemeConfiguration create(int, int, int, int, int, int, int, int, int, int, int, int, int, int) 0">
    <annotation name="android.support.annotation.ColorInt" />
  </item>
  <item name="com.pspdfkit.configuration.theming.InlineSearchThemeConfiguration com.pspdfkit.configuration.theming.InlineSearchThemeConfiguration create(int, int, int, int, int, int, int, int, int, int, int, int, int, int) 1">
    <annotation name="android.support.annotation.ColorInt" />
  </item>
  <item name="com.pspdfkit.configuration.theming.InlineSearchThemeConfiguration com.pspdfkit.configuration.theming.InlineSearchThemeConfiguration create(int, int, int, int, int, int, int, int, int, int, int, int, int, int) 10">
    <annotation name="android.support.annotation.DrawableRes" />
  </item>
  <item name="com.pspdfkit.configuration.theming.InlineSearchThemeConfiguration com.pspdfkit.configuration.theming.InlineSearchThemeConfiguration create(int, int, int, int, int, int, int, int, int, int, int, int, int, int) 11">
    <annotation name="android.support.annotation.DrawableRes" />
  </item>
  <item name="com.pspdfkit.configuration.theming.InlineSearchThemeConfiguration com.pspdfkit.configuration.theming.InlineSearchThemeConfiguration create(int, int, int, int, int, int, int, int, int, int, int, int, int, int) 3">
    <annotation name="android.support.annotation.ColorInt" />
  </item>
  <item name="com.pspdfkit.configuration.theming.InlineSearchThemeConfiguration com.pspdfkit.configuration.theming.InlineSearchThemeConfiguration create(int, int, int, int, int, int, int, int, int, int, int, int, int, int) 4">
    <annotation name="android.support.annotation.ColorInt" />
  </item>
  <item name="com.pspdfkit.configuration.theming.InlineSearchThemeConfiguration com.pspdfkit.configuration.theming.InlineSearchThemeConfiguration create(int, int, int, int, int, int, int, int, int, int, int, int, int, int) 5">
    <annotation name="android.support.annotation.ColorInt" />
  </item>
  <item name="com.pspdfkit.configuration.theming.InlineSearchThemeConfiguration com.pspdfkit.configuration.theming.InlineSearchThemeConfiguration create(int, int, int, int, int, int, int, int, int, int, int, int, int, int) 6">
    <annotation name="android.support.annotation.ColorInt" />
  </item>
  <item name="com.pspdfkit.configuration.theming.InlineSearchThemeConfiguration com.pspdfkit.configuration.theming.InlineSearchThemeConfiguration create(int, int, int, int, int, int, int, int, int, int, int, int, int, int) 8">
    <annotation name="android.support.annotation.ColorInt" />
  </item>
  <item name="com.pspdfkit.configuration.theming.InlineSearchThemeConfiguration com.pspdfkit.configuration.theming.InlineSearchThemeConfiguration create(int, int, int, int, int, int, int, int, int, int, int, int, int, int) 9">
    <annotation name="android.support.annotation.ColorInt" />
  </item>
  <item name="com.pspdfkit.configuration.theming.InlineSearchThemeConfiguration int getBackgroundColor()">
    <annotation name="android.support.annotation.ColorInt" />
  </item>
  <item name="com.pspdfkit.configuration.theming.InlineSearchThemeConfiguration int getBorderColor()">
    <annotation name="android.support.annotation.ColorInt" />
  </item>
  <item name="com.pspdfkit.configuration.theming.InlineSearchThemeConfiguration int getHighlightBackgroundColor()">
    <annotation name="android.support.annotation.ColorInt" />
  </item>
  <item name="com.pspdfkit.configuration.theming.InlineSearchThemeConfiguration int getHighlightBorderColor()">
    <annotation name="android.support.annotation.ColorInt" />
  </item>
  <item name="com.pspdfkit.configuration.theming.InlineSearchThemeConfiguration int getHintTextColor()">
    <annotation name="android.support.annotation.ColorInt" />
  </item>
  <item name="com.pspdfkit.configuration.theming.InlineSearchThemeConfiguration int getNavigationTextColor()">
    <annotation name="android.support.annotation.ColorInt" />
  </item>
  <item name="com.pspdfkit.configuration.theming.InlineSearchThemeConfiguration int getNextIcon()">
    <annotation name="android.support.annotation.DrawableRes" />
  </item>
  <item name="com.pspdfkit.configuration.theming.InlineSearchThemeConfiguration int getNextIconColorFilter()">
    <annotation name="android.support.annotation.ColorInt" />
  </item>
  <item name="com.pspdfkit.configuration.theming.InlineSearchThemeConfiguration int getPrevIcon()">
    <annotation name="android.support.annotation.DrawableRes" />
  </item>
  <item name="com.pspdfkit.configuration.theming.InlineSearchThemeConfiguration int getPrevIconColorFilter()">
    <annotation name="android.support.annotation.ColorInt" />
  </item>
  <item name="com.pspdfkit.configuration.theming.InlineSearchThemeConfiguration int getTextColor()">
    <annotation name="android.support.annotation.ColorInt" />
  </item>
  <item name="com.pspdfkit.configuration.theming.InlineSearchThemeConfiguration.Builder backgroundColor">
    <annotation name="android.support.annotation.ColorInt" />
  </item>
  <item name="com.pspdfkit.configuration.theming.InlineSearchThemeConfiguration.Builder borderColor">
    <annotation name="android.support.annotation.ColorInt" />
  </item>
  <item name="com.pspdfkit.configuration.theming.InlineSearchThemeConfiguration.Builder com.pspdfkit.configuration.theming.InlineSearchThemeConfiguration.Builder setBackgroundColor(int) 0">
    <annotation name="android.support.annotation.ColorInt" />
  </item>
  <item name="com.pspdfkit.configuration.theming.InlineSearchThemeConfiguration.Builder com.pspdfkit.configuration.theming.InlineSearchThemeConfiguration.Builder setBorderColor(int) 0">
    <annotation name="android.support.annotation.ColorInt" />
  </item>
  <item name="com.pspdfkit.configuration.theming.InlineSearchThemeConfiguration.Builder com.pspdfkit.configuration.theming.InlineSearchThemeConfiguration.Builder setHighlightBackgroundColor(int) 0">
    <annotation name="android.support.annotation.ColorInt" />
  </item>
  <item name="com.pspdfkit.configuration.theming.InlineSearchThemeConfiguration.Builder com.pspdfkit.configuration.theming.InlineSearchThemeConfiguration.Builder setHighlightBorderColor(int) 0">
    <annotation name="android.support.annotation.ColorInt" />
  </item>
  <item name="com.pspdfkit.configuration.theming.InlineSearchThemeConfiguration.Builder com.pspdfkit.configuration.theming.InlineSearchThemeConfiguration.Builder setHintTextColor(int) 0">
    <annotation name="android.support.annotation.ColorInt" />
  </item>
  <item name="com.pspdfkit.configuration.theming.InlineSearchThemeConfiguration.Builder com.pspdfkit.configuration.theming.InlineSearchThemeConfiguration.Builder setNavigationTextColor(int) 0">
    <annotation name="android.support.annotation.ColorInt" />
  </item>
  <item name="com.pspdfkit.configuration.theming.InlineSearchThemeConfiguration.Builder com.pspdfkit.configuration.theming.InlineSearchThemeConfiguration.Builder setNextIcon(int) 0">
    <annotation name="android.support.annotation.DrawableRes" />
  </item>
  <item name="com.pspdfkit.configuration.theming.InlineSearchThemeConfiguration.Builder com.pspdfkit.configuration.theming.InlineSearchThemeConfiguration.Builder setNextIconColorFilter(int) 0">
    <annotation name="android.support.annotation.ColorInt" />
  </item>
  <item name="com.pspdfkit.configuration.theming.InlineSearchThemeConfiguration.Builder com.pspdfkit.configuration.theming.InlineSearchThemeConfiguration.Builder setPrevIcon(int) 0">
    <annotation name="android.support.annotation.DrawableRes" />
  </item>
  <item name="com.pspdfkit.configuration.theming.InlineSearchThemeConfiguration.Builder com.pspdfkit.configuration.theming.InlineSearchThemeConfiguration.Builder setPrevIconColorFilter(int) 0">
    <annotation name="android.support.annotation.ColorInt" />
  </item>
  <item name="com.pspdfkit.configuration.theming.InlineSearchThemeConfiguration.Builder com.pspdfkit.configuration.theming.InlineSearchThemeConfiguration.Builder setTextColor(int) 0">
    <annotation name="android.support.annotation.ColorInt" />
  </item>
  <item name="com.pspdfkit.configuration.theming.InlineSearchThemeConfiguration.Builder highlightBackgroundColor">
    <annotation name="android.support.annotation.ColorInt" />
  </item>
  <item name="com.pspdfkit.configuration.theming.InlineSearchThemeConfiguration.Builder highlightBorderColor">
    <annotation name="android.support.annotation.ColorInt" />
  </item>
  <item name="com.pspdfkit.configuration.theming.InlineSearchThemeConfiguration.Builder hintTextColor">
    <annotation name="android.support.annotation.ColorInt" />
  </item>
  <item name="com.pspdfkit.configuration.theming.InlineSearchThemeConfiguration.Builder navigationTextColor">
    <annotation name="android.support.annotation.ColorInt" />
  </item>
  <item name="com.pspdfkit.configuration.theming.InlineSearchThemeConfiguration.Builder nextIcon">
    <annotation name="android.support.annotation.DrawableRes" />
  </item>
  <item name="com.pspdfkit.configuration.theming.InlineSearchThemeConfiguration.Builder nextIconColorFilter">
    <annotation name="android.support.annotation.ColorInt" />
  </item>
  <item name="com.pspdfkit.configuration.theming.InlineSearchThemeConfiguration.Builder prevIcon">
    <annotation name="android.support.annotation.DrawableRes" />
  </item>
  <item name="com.pspdfkit.configuration.theming.InlineSearchThemeConfiguration.Builder prevIconColorFilter">
    <annotation name="android.support.annotation.ColorInt" />
  </item>
  <item name="com.pspdfkit.configuration.theming.InlineSearchThemeConfiguration.Builder textColor">
    <annotation name="android.support.annotation.ColorInt" />
  </item>
  <item name="com.pspdfkit.configuration.theming.ModularSearchThemeConfiguration com.pspdfkit.configuration.theming.ModularSearchThemeConfiguration create(int, int, int, int, int, int, int, int, int, int, int, int, int, int) 0">
    <annotation name="android.support.annotation.ColorInt" />
  </item>
  <item name="com.pspdfkit.configuration.theming.ModularSearchThemeConfiguration com.pspdfkit.configuration.theming.ModularSearchThemeConfiguration create(int, int, int, int, int, int, int, int, int, int, int, int, int, int) 1">
    <annotation name="android.support.annotation.ColorInt" />
  </item>
  <item name="com.pspdfkit.configuration.theming.ModularSearchThemeConfiguration com.pspdfkit.configuration.theming.ModularSearchThemeConfiguration create(int, int, int, int, int, int, int, int, int, int, int, int, int, int) 10">
    <annotation name="android.support.annotation.ColorInt" />
  </item>
  <item name="com.pspdfkit.configuration.theming.ModularSearchThemeConfiguration com.pspdfkit.configuration.theming.ModularSearchThemeConfiguration create(int, int, int, int, int, int, int, int, int, int, int, int, int, int) 11">
    <annotation name="android.support.annotation.ColorInt" />
  </item>
  <item name="com.pspdfkit.configuration.theming.ModularSearchThemeConfiguration com.pspdfkit.configuration.theming.ModularSearchThemeConfiguration create(int, int, int, int, int, int, int, int, int, int, int, int, int, int) 2">
    <annotation name="android.support.annotation.ColorInt" />
  </item>
  <item name="com.pspdfkit.configuration.theming.ModularSearchThemeConfiguration com.pspdfkit.configuration.theming.ModularSearchThemeConfiguration create(int, int, int, int, int, int, int, int, int, int, int, int, int, int) 3">
    <annotation name="android.support.annotation.ColorInt" />
  </item>
  <item name="com.pspdfkit.configuration.theming.ModularSearchThemeConfiguration com.pspdfkit.configuration.theming.ModularSearchThemeConfiguration create(int, int, int, int, int, int, int, int, int, int, int, int, int, int) 4">
    <annotation name="android.support.annotation.ColorInt" />
  </item>
  <item name="com.pspdfkit.configuration.theming.ModularSearchThemeConfiguration com.pspdfkit.configuration.theming.ModularSearchThemeConfiguration create(int, int, int, int, int, int, int, int, int, int, int, int, int, int) 5">
    <annotation name="android.support.annotation.ColorInt" />
  </item>
  <item name="com.pspdfkit.configuration.theming.ModularSearchThemeConfiguration com.pspdfkit.configuration.theming.ModularSearchThemeConfiguration create(int, int, int, int, int, int, int, int, int, int, int, int, int, int) 6">
    <annotation name="android.support.annotation.ColorInt" />
  </item>
  <item name="com.pspdfkit.configuration.theming.ModularSearchThemeConfiguration com.pspdfkit.configuration.theming.ModularSearchThemeConfiguration create(int, int, int, int, int, int, int, int, int, int, int, int, int, int) 7">
    <annotation name="android.support.annotation.ColorInt" />
  </item>
  <item name="com.pspdfkit.configuration.theming.ModularSearchThemeConfiguration com.pspdfkit.configuration.theming.ModularSearchThemeConfiguration create(int, int, int, int, int, int, int, int, int, int, int, int, int, int) 8">
    <annotation name="android.support.annotation.DrawableRes" />
  </item>
  <item name="com.pspdfkit.configuration.theming.ModularSearchThemeConfiguration com.pspdfkit.configuration.theming.ModularSearchThemeConfiguration create(int, int, int, int, int, int, int, int, int, int, int, int, int, int) 9">
    <annotation name="android.support.annotation.ColorInt" />
  </item>
  <item name="com.pspdfkit.configuration.theming.ModularSearchThemeConfiguration int getBackgroundColor()">
    <annotation name="android.support.annotation.ColorInt" />
  </item>
  <item name="com.pspdfkit.configuration.theming.ModularSearchThemeConfiguration int getHighlightBackgroundColor()">
    <annotation name="android.support.annotation.ColorInt" />
  </item>
  <item name="com.pspdfkit.configuration.theming.ModularSearchThemeConfiguration int getHighlightBorderColor()">
    <annotation name="android.support.annotation.ColorInt" />
  </item>
  <item name="com.pspdfkit.configuration.theming.ModularSearchThemeConfiguration int getHighlightTextColor()">
    <annotation name="android.support.annotation.ColorInt" />
  </item>
  <item name="com.pspdfkit.configuration.theming.ModularSearchThemeConfiguration int getInputFieldBackgroundColor()">
    <annotation name="android.support.annotation.ColorInt" />
  </item>
  <item name="com.pspdfkit.configuration.theming.ModularSearchThemeConfiguration int getInputFieldHintColor()">
    <annotation name="android.support.annotation.ColorInt" />
  </item>
  <item name="com.pspdfkit.configuration.theming.ModularSearchThemeConfiguration int getInputFieldTextColor()">
    <annotation name="android.support.annotation.ColorInt" />
  </item>
  <item name="com.pspdfkit.configuration.theming.ModularSearchThemeConfiguration int getListItemBackgroundColor()">
    <annotation name="android.support.annotation.ColorInt" />
  </item>
  <item name="com.pspdfkit.configuration.theming.ModularSearchThemeConfiguration int getListItemSubtitleColor()">
    <annotation name="android.support.annotation.ColorInt" />
  </item>
  <item name="com.pspdfkit.configuration.theming.ModularSearchThemeConfiguration int getListItemTitleColor()">
    <annotation name="android.support.annotation.ColorInt" />
  </item>
  <item name="com.pspdfkit.configuration.theming.ModularSearchThemeConfiguration int getListSelector()">
    <annotation name="android.support.annotation.DrawableRes" />
  </item>
  <item name="com.pspdfkit.configuration.theming.ModularSearchThemeConfiguration int getSeparatorColor()">
    <annotation name="android.support.annotation.ColorInt" />
  </item>
  <item name="com.pspdfkit.configuration.theming.ModularSearchThemeConfiguration.Builder backgroundColor">
    <annotation name="android.support.annotation.ColorInt" />
  </item>
  <item name="com.pspdfkit.configuration.theming.ModularSearchThemeConfiguration.Builder com.pspdfkit.configuration.theming.ModularSearchThemeConfiguration.Builder setBackgroundColor(int) 0">
    <annotation name="android.support.annotation.ColorInt" />
  </item>
  <item name="com.pspdfkit.configuration.theming.ModularSearchThemeConfiguration.Builder com.pspdfkit.configuration.theming.ModularSearchThemeConfiguration.Builder setHighlightBackgroundColor(int) 0">
    <annotation name="android.support.annotation.ColorInt" />
  </item>
  <item name="com.pspdfkit.configuration.theming.ModularSearchThemeConfiguration.Builder com.pspdfkit.configuration.theming.ModularSearchThemeConfiguration.Builder setHighlightBorderColor(int) 0">
    <annotation name="android.support.annotation.ColorInt" />
  </item>
  <item name="com.pspdfkit.configuration.theming.ModularSearchThemeConfiguration.Builder com.pspdfkit.configuration.theming.ModularSearchThemeConfiguration.Builder setHighlightTextColor(int) 0">
    <annotation name="android.support.annotation.ColorInt" />
  </item>
  <item name="com.pspdfkit.configuration.theming.ModularSearchThemeConfiguration.Builder com.pspdfkit.configuration.theming.ModularSearchThemeConfiguration.Builder setInputFieldBackgroundColor(int) 0">
    <annotation name="android.support.annotation.ColorInt" />
  </item>
  <item name="com.pspdfkit.configuration.theming.ModularSearchThemeConfiguration.Builder com.pspdfkit.configuration.theming.ModularSearchThemeConfiguration.Builder setInputFieldHintColor(int) 0">
    <annotation name="android.support.annotation.ColorInt" />
  </item>
  <item name="com.pspdfkit.configuration.theming.ModularSearchThemeConfiguration.Builder com.pspdfkit.configuration.theming.ModularSearchThemeConfiguration.Builder setInputFieldTextColor(int) 0">
    <annotation name="android.support.annotation.ColorInt" />
  </item>
  <item name="com.pspdfkit.configuration.theming.ModularSearchThemeConfiguration.Builder com.pspdfkit.configuration.theming.ModularSearchThemeConfiguration.Builder setListItemBackgroundColor(int) 0">
    <annotation name="android.support.annotation.ColorInt" />
  </item>
  <item name="com.pspdfkit.configuration.theming.ModularSearchThemeConfiguration.Builder com.pspdfkit.configuration.theming.ModularSearchThemeConfiguration.Builder setListItemSubtitleColor(int) 0">
    <annotation name="android.support.annotation.ColorInt" />
  </item>
  <item name="com.pspdfkit.configuration.theming.ModularSearchThemeConfiguration.Builder com.pspdfkit.configuration.theming.ModularSearchThemeConfiguration.Builder setListItemTitleColor(int) 0">
    <annotation name="android.support.annotation.ColorInt" />
  </item>
  <item name="com.pspdfkit.configuration.theming.ModularSearchThemeConfiguration.Builder com.pspdfkit.configuration.theming.ModularSearchThemeConfiguration.Builder setListSelector(int) 0">
    <annotation name="android.support.annotation.DrawableRes" />
  </item>
  <item name="com.pspdfkit.configuration.theming.ModularSearchThemeConfiguration.Builder com.pspdfkit.configuration.theming.ModularSearchThemeConfiguration.Builder setSeparatorColor(int) 0">
    <annotation name="android.support.annotation.ColorInt" />
  </item>
  <item name="com.pspdfkit.configuration.theming.ModularSearchThemeConfiguration.Builder highlightBackgroundColor">
    <annotation name="android.support.annotation.ColorInt" />
  </item>
  <item name="com.pspdfkit.configuration.theming.ModularSearchThemeConfiguration.Builder highlightBorderColor">
    <annotation name="android.support.annotation.ColorInt" />
  </item>
  <item name="com.pspdfkit.configuration.theming.ModularSearchThemeConfiguration.Builder highlightTextColor">
    <annotation name="android.support.annotation.ColorInt" />
  </item>
  <item name="com.pspdfkit.configuration.theming.ModularSearchThemeConfiguration.Builder inputFieldBackgroundColor">
    <annotation name="android.support.annotation.ColorInt" />
  </item>
  <item name="com.pspdfkit.configuration.theming.ModularSearchThemeConfiguration.Builder inputFieldHintColor">
    <annotation name="android.support.annotation.ColorInt" />
  </item>
  <item name="com.pspdfkit.configuration.theming.ModularSearchThemeConfiguration.Builder inputFieldTextColor">
    <annotation name="android.support.annotation.ColorInt" />
  </item>
  <item name="com.pspdfkit.configuration.theming.ModularSearchThemeConfiguration.Builder listItemBackgroundColor">
    <annotation name="android.support.annotation.ColorInt" />
  </item>
  <item name="com.pspdfkit.configuration.theming.ModularSearchThemeConfiguration.Builder listItemSubtitleColor">
    <annotation name="android.support.annotation.ColorInt" />
  </item>
  <item name="com.pspdfkit.configuration.theming.ModularSearchThemeConfiguration.Builder listItemTitleColor">
    <annotation name="android.support.annotation.ColorInt" />
  </item>
  <item name="com.pspdfkit.configuration.theming.ModularSearchThemeConfiguration.Builder listSelector">
    <annotation name="android.support.annotation.DrawableRes" />
  </item>
  <item name="com.pspdfkit.configuration.theming.ModularSearchThemeConfiguration.Builder separatorColor">
    <annotation name="android.support.annotation.ColorInt" />
  </item>
  <item name="com.pspdfkit.configuration.theming.OutlineThemeConfiguration com.pspdfkit.configuration.theming.OutlineThemeConfiguration create(int, int, int) 0">
    <annotation name="android.support.annotation.ColorInt" />
  </item>
  <item name="com.pspdfkit.configuration.theming.OutlineThemeConfiguration com.pspdfkit.configuration.theming.OutlineThemeConfiguration create(int, int, int) 1">
    <annotation name="android.support.annotation.DrawableRes" />
  </item>
  <item name="com.pspdfkit.configuration.theming.OutlineThemeConfiguration com.pspdfkit.configuration.theming.OutlineThemeConfiguration create(int, int, int) 2">
    <annotation name="android.support.annotation.ColorInt" />
  </item>
  <item name="com.pspdfkit.configuration.theming.OutlineThemeConfiguration int getBackgroundColor()">
    <annotation name="android.support.annotation.ColorInt" />
  </item>
  <item name="com.pspdfkit.configuration.theming.OutlineThemeConfiguration int getDefaultTextColor()">
    <annotation name="android.support.annotation.ColorInt" />
  </item>
  <item name="com.pspdfkit.configuration.theming.OutlineThemeConfiguration int getListSelector()">
    <annotation name="android.support.annotation.DrawableRes" />
  </item>
  <item name="com.pspdfkit.configuration.theming.OutlineThemeConfiguration.Builder backgroundColor">
    <annotation name="android.support.annotation.ColorInt" />
  </item>
  <item name="com.pspdfkit.configuration.theming.OutlineThemeConfiguration.Builder com.pspdfkit.configuration.theming.OutlineThemeConfiguration.Builder setBackgroundColor(int) 0">
    <annotation name="android.support.annotation.ColorInt" />
  </item>
  <item name="com.pspdfkit.configuration.theming.OutlineThemeConfiguration.Builder com.pspdfkit.configuration.theming.OutlineThemeConfiguration.Builder setDefaultTextColor(int) 0">
    <annotation name="android.support.annotation.ColorInt" />
  </item>
  <item name="com.pspdfkit.configuration.theming.OutlineThemeConfiguration.Builder com.pspdfkit.configuration.theming.OutlineThemeConfiguration.Builder setListSelector(int) 0">
    <annotation name="android.support.annotation.DrawableRes" />
  </item>
  <item name="com.pspdfkit.configuration.theming.OutlineThemeConfiguration.Builder defaultTextColor">
    <annotation name="android.support.annotation.ColorInt" />
  </item>
  <item name="com.pspdfkit.configuration.theming.OutlineThemeConfiguration.Builder listSelector">
    <annotation name="android.support.annotation.DrawableRes" />
  </item>
  <item name="com.pspdfkit.configuration.theming.ThumbnailBarThemeConfiguration com.pspdfkit.configuration.theming.ThumbnailBarThemeConfiguration create(int, int, int, int) 0">
    <annotation name="android.support.annotation.ColorInt" />
  </item>
  <item name="com.pspdfkit.configuration.theming.ThumbnailBarThemeConfiguration com.pspdfkit.configuration.theming.ThumbnailBarThemeConfiguration create(int, int, int, int) 3">
    <annotation name="android.support.annotation.ColorInt" />
  </item>
  <item name="com.pspdfkit.configuration.theming.ThumbnailBarThemeConfiguration int getBackgroundColor()">
    <annotation name="android.support.annotation.ColorInt" />
  </item>
  <item name="com.pspdfkit.configuration.theming.ThumbnailBarThemeConfiguration int getThumbnailBorderColor()">
    <annotation name="android.support.annotation.ColorInt" />
  </item>
  <item name="com.pspdfkit.configuration.theming.ThumbnailBarThemeConfiguration int getThumbnailHeight()">
    <annotation name="android.support.annotation.IntRange">
      <val name="from" val="1" />
    </annotation>
  </item>
  <item name="com.pspdfkit.configuration.theming.ThumbnailBarThemeConfiguration int getThumbnailWidth()">
    <annotation name="android.support.annotation.IntRange">
      <val name="from" val="1" />
    </annotation>
  </item>
  <item name="com.pspdfkit.configuration.theming.ThumbnailBarThemeConfiguration.Builder backgroundColor">
    <annotation name="android.support.annotation.ColorInt" />
  </item>
  <item name="com.pspdfkit.configuration.theming.ThumbnailBarThemeConfiguration.Builder com.pspdfkit.configuration.theming.ThumbnailBarThemeConfiguration.Builder setBackgroundColor(int) 0">
    <annotation name="android.support.annotation.ColorInt" />
  </item>
  <item name="com.pspdfkit.configuration.theming.ThumbnailBarThemeConfiguration.Builder com.pspdfkit.configuration.theming.ThumbnailBarThemeConfiguration.Builder setThumbnailBorderColor(int) 0">
    <annotation name="android.support.annotation.ColorInt" />
  </item>
  <item name="com.pspdfkit.configuration.theming.ThumbnailBarThemeConfiguration.Builder com.pspdfkit.configuration.theming.ThumbnailBarThemeConfiguration.Builder setThumbnailHeight(int) 0">
    <annotation name="android.support.annotation.IntRange">
      <val name="from" val="1" />
    </annotation>
  </item>
  <item name="com.pspdfkit.configuration.theming.ThumbnailBarThemeConfiguration.Builder com.pspdfkit.configuration.theming.ThumbnailBarThemeConfiguration.Builder setThumbnailWidth(int) 0">
    <annotation name="android.support.annotation.IntRange">
      <val name="from" val="1" />
    </annotation>
  </item>
  <item name="com.pspdfkit.configuration.theming.ThumbnailBarThemeConfiguration.Builder thumbnailBorderColor">
    <annotation name="android.support.annotation.ColorInt" />
  </item>
  <item name="com.pspdfkit.configuration.theming.ThumbnailBarThemeConfiguration.Builder thumbnailHeight">
    <annotation name="android.support.annotation.IntRange">
      <val name="from" val="1" />
    </annotation>
  </item>
  <item name="com.pspdfkit.configuration.theming.ThumbnailBarThemeConfiguration.Builder thumbnailWidth">
    <annotation name="android.support.annotation.IntRange">
      <val name="from" val="1" />
    </annotation>
  </item>
  <item name="com.pspdfkit.configuration.theming.ThumbnailGridThemeConfiguration com.pspdfkit.configuration.theming.ThumbnailGridThemeConfiguration create(int) 0">
    <annotation name="android.support.annotation.ColorInt" />
  </item>
  <item name="com.pspdfkit.configuration.theming.ThumbnailGridThemeConfiguration int getBackgroundColor()">
    <annotation name="android.support.annotation.ColorInt" />
  </item>
  <item name="com.pspdfkit.configuration.theming.ThumbnailGridThemeConfiguration.Builder backgroundColor">
    <annotation name="android.support.annotation.ColorInt" />
  </item>
  <item name="com.pspdfkit.configuration.theming.ThumbnailGridThemeConfiguration.Builder com.pspdfkit.configuration.theming.ThumbnailGridThemeConfiguration.Builder setBackgroundColor(int) 0">
    <annotation name="android.support.annotation.ColorInt" />
  </item>
</root>

