<?xml version="1.0" encoding="UTF-8"?>
<root>
  <item name="com.pspdfkit.ui.PSPDFKitActivity implementation">
    <annotation name="android.support.annotation.VisibleForTesting" />
  </item>
  <item name="com.pspdfkit.ui.PSPDFKitAppCompatActivity implementation">
    <annotation name="android.support.annotation.VisibleForTesting" />
  </item>
  <item name="com.pspdfkit.ui.PSPDFKitFragment DOCUMENT_VIEW_ID">
    <annotation name="android.support.annotation.IdRes" />
  </item>
  <item name="com.pspdfkit.ui.PSPDFKitFragment android.graphics.Matrix getPageToScreenTransformation(int, android.graphics.Matrix) 0">
    <annotation name="android.support.annotation.IntRange">
      <val name="from" val="0" />
    </annotation>
  </item>
  <item name="com.pspdfkit.ui.PSPDFKitFragment int generateViewId()">
    <annotation name="android.support.annotation.IdRes" />
  </item>
  <item name="com.pspdfkit.ui.PSPDFKitThumbnailBar void setCurrentPage(int) 0">
    <annotation name="android.support.annotation.IntRange">
      <val name="from" val="0" />
    </annotation>
  </item>
</root>

