<?xml version="1.0" encoding="UTF-8"?>
<root>
  <item name="com.pspdfkit.document.Bookmark int getColor()">
    <annotation name="android.support.annotation.ColorInt" />
  </item>
  <item name="com.pspdfkit.document.Bookmark int getStyle()">
    <annotation name="android.support.annotation.IntDef">
      <val name="value" val="{android.graphics.Typeface.NORMAL, android.graphics.Typeface.ITALIC, android.graphics.Typeface.BOLD_ITALIC, android.graphics.Typeface.BOLD}" />
    </annotation>
  </item>
</root>

